"","layer","level","class","id","metric","value","id_park","escala"
"1",1,"class",3,NA,"pland",2.94191286930396,1,1000
"2",1,"class",6,NA,"pland",0.256634952428643,1,1000
"3",1,"class",24,NA,"pland",96.8014521782674,1,1000
"4",1,"class",3,NA,"pland",37.059633314561,2,1000
"5",1,"class",6,NA,"pland",25.9996245541581,2,1000
"6",1,"class",11,NA,"pland",2.38720981165134,2,1000
"7",1,"class",15,NA,"pland",7.48075840060071,2,1000
"8",1,"class",19,NA,"pland",0.278455666103498,2,1000
"9",1,"class",21,NA,"pland",7.38063950941743,2,1000
"10",1,"class",24,NA,"pland",18.6471434828859,2,1000
"11",1,"class",25,NA,"pland",0.181465490269695,2,1000
"12",1,"class",33,NA,"pland",0.585069770352293,2,1000
"13",1,"class",24,NA,"pland",97.7859086218219,3,1000
"14",1,"class",33,NA,"pland",2.21409137817807,3,1000
"15",1,"class",3,NA,"pland",5.66663537657624,4,1000
"16",1,"class",6,NA,"pland",1.0044119027504,4,1000
"17",1,"class",15,NA,"pland",0.118902343627773,4,1000
"18",1,"class",19,NA,"pland",0.775994242623361,4,1000
"19",1,"class",24,NA,"pland",91.808254325855,4,1000
"20",1,"class",25,NA,"pland",0.619543790481554,4,1000
"21",1,"class",33,NA,"pland",0.00625801808567227,4,1000
"22",1,"class",3,NA,"pland",5.67253840618254,5,1000
"23",1,"class",6,NA,"pland",1.00434905040518,5,1000
"24",1,"class",15,NA,"pland",0.11889490316323,5,1000
"25",1,"class",19,NA,"pland",0.650793154156628,5,1000
"26",1,"class",24,NA,"pland",91.9276618378649,5,1000
"27",1,"class",25,NA,"pland",0.619505021745252,5,1000
"28",1,"class",33,NA,"pland",0.00625762648227527,5,1000
"29",1,"class",3,NA,"pland",5.87885614166823,6,1000
"30",1,"class",6,NA,"pland",1.00431762718228,6,1000
"31",1,"class",15,NA,"pland",0.118891183280145,6,1000
"32",1,"class",19,NA,"pland",0.303485388899318,6,1000
"33",1,"class",24,NA,"pland",92.0687065890745,6,1000
"34",1,"class",25,NA,"pland",0.619485639196546,6,1000
"35",1,"class",33,NA,"pland",0.00625743069895501,6,1000
"36",1,"class",3,NA,"pland",4.81633419973069,7,1000
"37",1,"class",24,NA,"pland",95.0615350890928,7,1000
"38",1,"class",25,NA,"pland",0.122130711176526,7,1000
"39",1,"class",24,NA,"pland",100,8,1000
"40",1,"class",24,NA,"pland",100,9,1000
"41",1,"class",24,NA,"pland",100,10,1000
"42",1,"class",24,NA,"pland",58.2420677138745,11,1000
"43",1,"class",33,NA,"pland",41.7579322861255,11,1000
"44",1,"class",24,NA,"pland",46.1201638882807,12,1000
"45",1,"class",25,NA,"pland",0.118850279923686,12,1000
"46",1,"class",33,NA,"pland",53.7609858317956,12,1000
"47",1,"class",24,NA,"pland",62.0001251642781,13,1000
"48",1,"class",33,NA,"pland",37.9998748357219,13,1000
"49",1,"class",24,NA,"pland",93.9683235257293,14,1000
"50",1,"class",33,NA,"pland",6.03167647427069,14,1000
"51",1,"class",24,NA,"pland",81.7305585980285,15,1000
"52",1,"class",33,NA,"pland",18.2694414019715,15,1000
"53",1,"class",24,NA,"pland",59.7772354671172,16,1000
"54",1,"class",33,NA,"pland",40.2227645328828,16,1000
"55",1,"class",3,NA,"pland",0.522560861130233,17,1000
"56",1,"class",11,NA,"pland",0.100131422492021,17,1000
"57",1,"class",24,NA,"pland",53.6016021027599,17,1000
"58",1,"class",25,NA,"pland",0.118906064209275,17,1000
"59",1,"class",33,NA,"pland",45.6567995494086,17,1000
"60",1,"class",3,NA,"pland",0.522397397397397,18,1000
"61",1,"class",11,NA,"pland",0.1001001001001,18,1000
"62",1,"class",24,NA,"pland",44.9136636636637,18,1000
"63",1,"class",33,NA,"pland",54.4638388388388,18,1000
"64",1,"class",24,NA,"pland",100,19,1000
"65",1,"class",3,NA,"pland",16.2358390185892,20,1000
"66",1,"class",6,NA,"pland",9.95493521937786,20,1000
"67",1,"class",24,NA,"pland",71.9471740627152,20,1000
"68",1,"class",25,NA,"pland",1.86205169931777,20,1000
"69",1,"class",3,NA,"pland",13.8168392728638,21,1000
"70",1,"class",6,NA,"pland",3.11004036169081,21,1000
"71",1,"class",15,NA,"pland",0.11889490316323,21,1000
"72",1,"class",19,NA,"pland",0.782203310284409,21,1000
"73",1,"class",24,NA,"pland",81.6213510215575,21,1000
"74",1,"class",25,NA,"pland",0.544413503957949,21,1000
"75",1,"class",33,NA,"pland",0.00625762648227527,21,1000
"76",1,"class",24,NA,"pland",100,22,1000
"77",1,"class",24,NA,"pland",100,23,1000
"78",1,"class",24,NA,"pland",100,24,1000
"79",1,"class",24,NA,"pland",99.5933433433433,25,1000
"80",1,"class",33,NA,"pland",0.406656656656657,25,1000
"81",1,"class",3,NA,"pland",0.29730237215998,26,1000
"82",1,"class",6,NA,"pland",0.879389121862678,26,1000
"83",1,"class",19,NA,"pland",0.666583213369218,26,1000
"84",1,"class",24,NA,"pland",97.9658258746949,26,1000
"85",1,"class",25,NA,"pland",0.19089941791325,26,1000
"86",1,"class",3,NA,"pland",0.522937216220448,27,1000
"87",1,"class",11,NA,"pland",0.100203538437451,27,1000
"88",1,"class",24,NA,"pland",52.4440269297009,27,1000
"89",1,"class",25,NA,"pland",0.118991701894473,27,1000
"90",1,"class",33,NA,"pland",46.8138406137467,27,1000
"91",1,"class",3,NA,"pland",0.0375434095673122,28,1000
"92",1,"class",24,NA,"pland",49.9483778118449,28,1000
"93",1,"class",25,NA,"pland",0.118887463629822,28,1000
"94",1,"class",33,NA,"pland",49.8951913149579,28,1000
"95",1,"class",24,NA,"pland",55.8874120406568,29,1000
"96",1,"class",25,NA,"pland",0.118842845973417,29,1000
"97",1,"class",33,NA,"pland",43.9937451133698,29,1000
"98",1,"class",24,NA,"pland",61.613064697785,30,1000
"99",1,"class",25,NA,"pland",0.118883744212239,30,1000
"100",1,"class",33,NA,"pland",38.2680515580028,30,1000
"101",1,"class",3,NA,"pland",1.26087228583943,31,1000
"102",1,"class",6,NA,"pland",2.0305362618109,31,1000
"103",1,"class",19,NA,"pland",0.118891183280145,31,1000
"104",1,"class",24,NA,"pland",45.7418184093611,31,1000
"105",1,"class",25,NA,"pland",0.991802765784369,31,1000
"106",1,"class",33,NA,"pland",49.856079093924,31,1000
"107",1,"class",19,NA,"pland",0.128293385067902,32,1000
"108",1,"class",24,NA,"pland",44.3300582013893,32,1000
"109",1,"class",25,NA,"pland",1.2203517116215,32,1000
"110",1,"class",33,NA,"pland",54.3212967019213,32,1000
"111",1,"class",3,NA,"pland",0.0250203290173266,33,1000
"112",1,"class",24,NA,"pland",73.500344029524,33,1000
"113",1,"class",25,NA,"pland",0.118846562832301,33,1000
"114",1,"class",33,NA,"pland",26.3557890786264,33,1000
"115",1,"class",24,NA,"pland",63.9164605316717,34,1000
"116",1,"class",33,NA,"pland",36.0835394683283,34,1000
"117",1,"class",24,NA,"pland",100,35,1000
"118",1,"class",24,NA,"pland",100,36,1000
"119",1,"class",24,NA,"pland",100,37,1000
"120",1,"class",24,NA,"pland",100,38,1000
"121",1,"class",24,NA,"pland",55.9346948988209,39,1000
"122",1,"class",25,NA,"pland",0.440997091295781,39,1000
"123",1,"class",33,NA,"pland",43.6243080098833,39,1000
"124",1,"class",24,NA,"pland",100,40,1000
"125",1,"class",24,NA,"pland",96.022905062895,41,1000
"126",1,"class",25,NA,"pland",0.150197133738031,41,1000
"127",1,"class",33,NA,"pland",3.82689780336692,41,1000
"128",1,"class",24,NA,"pland",100,42,1000
"129",1,"class",3,NA,"pland",6.55506883604506,43,1000
"130",1,"class",6,NA,"pland",0.719649561952441,43,1000
"131",1,"class",15,NA,"pland",0.306633291614518,43,1000
"132",1,"class",19,NA,"pland",0.316020025031289,43,1000
"133",1,"class",24,NA,"pland",91.5644555694618,43,1000
"134",1,"class",25,NA,"pland",0.538172715894869,43,1000
"135",1,"class",24,NA,"pland",100,44,1000
"136",1,"class",24,NA,"pland",100,45,1000
"137",1,"class",24,NA,"pland",81.7533320818472,46,1000
"138",1,"class",25,NA,"pland",0.11263375258119,46,1000
"139",1,"class",33,NA,"pland",18.1340341655716,46,1000
"140",1,"class",3,NA,"pland",0.52234837821776,47,1000
"141",1,"class",11,NA,"pland",0.100090707203403,47,1000
"142",1,"class",24,NA,"pland",50.7272215445247,47,1000
"143",1,"class",33,NA,"pland",48.6503393700541,47,1000
"144",1,"class",3,NA,"pland",0.522626275270702,48,1000
"145",1,"class",11,NA,"pland",0.100143956938099,48,1000
"146",1,"class",24,NA,"pland",69.2651937159667,48,1000
"147",1,"class",25,NA,"pland",0.118920948863992,48,1000
"148",1,"class",33,NA,"pland",29.9931151029605,48,1000
"149",1,"class",3,NA,"pland",0.522168719904947,49,1000
"150",1,"class",11,NA,"pland",0.100056281658433,49,1000
"151",1,"class",24,NA,"pland",69.0263273091114,49,1000
"152",1,"class",25,NA,"pland",0.118816834469389,49,1000
"153",1,"class",33,NA,"pland",30.2326308548559,49,1000
"154",1,"class",3,NA,"pland",4.7228311932352,50,1000
"155",1,"class",5,NA,"pland",0.808017538365174,50,1000
"156",1,"class",6,NA,"pland",11.4093329157532,50,1000
"157",1,"class",11,NA,"pland",0.447854682117131,50,1000
"158",1,"class",15,NA,"pland",0.463513936736611,50,1000
"159",1,"class",19,NA,"pland",0.867522705919198,50,1000
"160",1,"class",21,NA,"pland",0.833072345756342,50,1000
"161",1,"class",24,NA,"pland",77.4130911368619,50,1000
"162",1,"class",25,NA,"pland",1.87284685248982,50,1000
"163",1,"class",33,NA,"pland",1.16191669276542,50,1000
"164",1,"class",3,NA,"pland",8.36903831118061,51,1000
"165",1,"class",5,NA,"pland",0.428459734167318,51,1000
"166",1,"class",6,NA,"pland",10.3487099296325,51,1000
"167",1,"class",11,NA,"pland",0.344018764659891,51,1000
"168",1,"class",21,NA,"pland",0.225175918686474,51,1000
"169",1,"class",24,NA,"pland",78.7302580140735,51,1000
"170",1,"class",25,NA,"pland",1.09773260359656,51,1000
"171",1,"class",33,NA,"pland",0.456606724003128,51,1000
"172",1,"class",3,NA,"pland",4.74431995994242,52,1000
"173",1,"class",6,NA,"pland",1.17043249671403,52,1000
"174",1,"class",24,NA,"pland",93.2402829066783,52,1000
"175",1,"class",25,NA,"pland",0.844964636665206,52,1000
"176",1,"class",3,NA,"pland",4.79722117912129,53,1000
"177",1,"class",5,NA,"pland",0.685317311303042,53,1000
"178",1,"class",6,NA,"pland",11.1246714232069,53,1000
"179",1,"class",11,NA,"pland",0.406809362873952,53,1000
"180",1,"class",15,NA,"pland",0.463136813118037,53,1000
"181",1,"class",19,NA,"pland",0.866816873200651,53,1000
"182",1,"class",21,NA,"pland",0.832394542495932,53,1000
"183",1,"class",24,NA,"pland",78.8584303417199,53,1000
"184",1,"class",25,NA,"pland",1.1828764551258,53,1000
"185",1,"class",33,NA,"pland",0.782325697834523,53,1000
"186",1,"class",3,NA,"pland",11.5654132515798,54,1000
"187",1,"class",5,NA,"pland",0.284677469811675,54,1000
"188",1,"class",6,NA,"pland",9.59456922980667,54,1000
"189",1,"class",11,NA,"pland",0.181442782956892,54,1000
"190",1,"class",21,NA,"pland",0.0844647437902772,54,1000
"191",1,"class",24,NA,"pland",77.7482324970281,54,1000
"192",1,"class",25,NA,"pland",0.441093662015892,54,1000
"193",1,"class",33,NA,"pland",0.100106363010699,54,1000
"194",1,"class",3,NA,"pland",7.96820230345518,55,1000
"195",1,"class",5,NA,"pland",0.00312969454181272,55,1000
"196",1,"class",6,NA,"pland",4.60378067100651,55,1000
"197",1,"class",11,NA,"pland",0.10327991987982,55,1000
"198",1,"class",24,NA,"pland",86.4703304957436,55,1000
"199",1,"class",25,NA,"pland",0.845017526289434,55,1000
"200",1,"class",33,NA,"pland",0.00625938908362544,55,1000
"201",1,"class",3,NA,"pland",7.90066308019517,56,1000
"202",1,"class",5,NA,"pland",0.272113098961591,56,1000
"203",1,"class",6,NA,"pland",6.58701363693232,56,1000
"204",1,"class",11,NA,"pland",0.178280995871387,56,1000
"205",1,"class",24,NA,"pland",84.1204804203678,56,1000
"206",1,"class",25,NA,"pland",0.844488927811835,56,1000
"207",1,"class",33,NA,"pland",0.0969598398598774,56,1000
"208",1,"class",3,NA,"pland",4.50236225399706,57,1000
"209",1,"class",6,NA,"pland",0.74152873814962,57,1000
"210",1,"class",21,NA,"pland",0.0969932104752667,57,1000
"211",1,"class",24,NA,"pland",93.8143362222709,57,1000
"212",1,"class",25,NA,"pland",0.844779575107162,57,1000
"213",1,"class",3,NA,"pland",11.4580725907384,58,1000
"214",1,"class",5,NA,"pland",0.287859824780976,58,1000
"215",1,"class",6,NA,"pland",9.54005006257822,58,1000
"216",1,"class",11,NA,"pland",0.181476846057572,58,1000
"217",1,"class",21,NA,"pland",0.125156445556946,58,1000
"218",1,"class",24,NA,"pland",77.6908635794743,58,1000
"219",1,"class",25,NA,"pland",0.610137672090113,58,1000
"220",1,"class",33,NA,"pland",0.106382978723404,58,1000
"221",1,"class",3,NA,"pland",3.80824232562506,59,1000
"222",1,"class",6,NA,"pland",1.50201833714053,59,1000
"223",1,"class",21,NA,"pland",0.097005350940326,59,1000
"224",1,"class",24,NA,"pland",93.7478486716525,59,1000
"225",1,"class",25,NA,"pland",0.844885314641549,59,1000
"226",1,"class",3,NA,"pland",4.30279133808987,60,1000
"227",1,"class",5,NA,"pland",0.00312930279133809,60,1000
"228",1,"class",6,NA,"pland",3.02603579922393,60,1000
"229",1,"class",24,NA,"pland",91.8419076229816,60,1000
"230",1,"class",25,NA,"pland",0.772937789460508,60,1000
"231",1,"class",33,NA,"pland",0.0531981474527475,60,1000
"232",1,"class",3,NA,"pland",4.5596795393378,61,1000
"233",1,"class",6,NA,"pland",2.03417412530513,61,1000
"234",1,"class",24,NA,"pland",93.4061463353571,61,1000
"235",1,"class",24,NA,"pland",100,62,1000
"236",1,"class",24,NA,"pland",100,63,1000
"237",1,"class",24,NA,"pland",100,64,1000
"238",1,"class",3,NA,"pland",9.38389811946556,65,1000
"239",1,"class",19,NA,"pland",0.00312900904283613,65,1000
"240",1,"class",24,NA,"pland",89.4614975437279,65,1000
"241",1,"class",25,NA,"pland",1.1514753277637,65,1000
"242",1,"class",24,NA,"pland",99.9405432469646,66,1000
"243",1,"class",33,NA,"pland",0.0594567530354237,66,1000
"244",1,"class",3,NA,"pland",10.1996120392967,67,1000
"245",1,"class",6,NA,"pland",2.92534885176147,67,1000
"246",1,"class",19,NA,"pland",0.782178837369376,67,1000
"247",1,"class",24,NA,"pland",85.6923847068394,67,1000
"248",1,"class",25,NA,"pland",0.394218134034166,67,1000
"249",1,"class",33,NA,"pland",0.00625743069895501,67,1000
"250",1,"class",3,NA,"pland",5.6813915655112,68,1000
"251",1,"class",6,NA,"pland",8.39068952571643,68,1000
"252",1,"class",19,NA,"pland",0.118883744212239,68,1000
"253",1,"class",24,NA,"pland",56.479164059567,68,1000
"254",1,"class",25,NA,"pland",0.772744337379552,68,1000
"255",1,"class",33,NA,"pland",28.5571267676136,68,1000
"256",1,"class",24,NA,"pland",100,69,1000
"257",1,"class",3,NA,"pland",5.68970910228339,70,1000
"258",1,"class",6,NA,"pland",6.65311229277448,70,1000
"259",1,"class",15,NA,"pland",0.034407256803253,70,1000
"260",1,"class",24,NA,"pland",87.585236158899,70,1000
"261",1,"class",25,NA,"pland",0.0375351892399124,70,1000
"262",1,"class",24,NA,"pland",100,71,1000
"263",1,"class",3,NA,"pland",2.99968720675633,72,1000
"264",1,"class",6,NA,"pland",2.64935877385048,72,1000
"265",1,"class",15,NA,"pland",0.0500469189865499,72,1000
"266",1,"class",24,NA,"pland",94.1789177353769,72,1000
"267",1,"class",25,NA,"pland",0.121989365029715,72,1000
"268",1,"class",3,NA,"pland",7.35363144225052,73,1000
"269",1,"class",6,NA,"pland",7.27540132052446,73,1000
"270",1,"class",15,NA,"pland",0.650874612760898,73,1000
"271",1,"class",21,NA,"pland",0.278499233344807,73,1000
"272",1,"class",24,NA,"pland",84.0848640360484,73,1000
"273",1,"class",25,NA,"pland",0.356729355070876,73,1000
"274",1,"class",24,NA,"pland",64.0407958953823,74,1000
"275",1,"class",33,NA,"pland",35.9592041046177,74,1000
"276",1,"class",24,NA,"pland",64.7712336483695,75,1000
"277",1,"class",33,NA,"pland",35.2287663516305,75,1000
"278",1,"class",24,NA,"pland",62.615389429546,76,1000
"279",1,"class",33,NA,"pland",37.384610570454,76,1000
"280",1,"class",24,NA,"pland",100,77,1000
"281",1,"class",24,NA,"pland",100,78,1000
"282",1,"class",3,NA,"pland",1.96354753851935,79,1000
"283",1,"class",6,NA,"pland",4.23712889891018,79,1000
"284",1,"class",19,NA,"pland",0.119002881122385,79,1000
"285",1,"class",24,NA,"pland",45.0707753977202,79,1000
"286",1,"class",25,NA,"pland",0.573092822247276,79,1000
"287",1,"class",33,NA,"pland",48.0364524614806,79,1000
"288",1,"class",3,NA,"pland",0.156430873197134,80,1000
"289",1,"class",6,NA,"pland",0.391077182992835,80,1000
"290",1,"class",24,NA,"pland",49.6542877702343,80,1000
"291",1,"class",25,NA,"pland",1.38910615399055,80,1000
"292",1,"class",33,NA,"pland",48.4090980195851,80,1000
"293",1,"class",3,NA,"pland",5.70123286813943,81,1000
"294",1,"class",6,NA,"pland",1.00444333187308,81,1000
"295",1,"class",15,NA,"pland",0.118906064209275,81,1000
"296",1,"class",19,NA,"pland",0.528819075035985,81,1000
"297",1,"class",24,NA,"pland",92.0207772701671,81,1000
"298",1,"class",25,NA,"pland",0.619563176669379,81,1000
"299",1,"class",33,NA,"pland",0.0062582139057513,81,1000
"300",1,"class",3,NA,"pland",0.522446425778195,82,1000
"301",1,"class",11,NA,"pland",0.100109494759894,82,1000
"302",1,"class",24,NA,"pland",72.8077584858439,82,1000
"303",1,"class",25,NA,"pland",0.118880025027374,82,1000
"304",1,"class",33,NA,"pland",26.4508055685906,82,1000
"305",1,"class",3,NA,"pland",2.53441802252816,83,1000
"306",1,"class",6,NA,"pland",3.77972465581977,83,1000
"307",1,"class",21,NA,"pland",0.103254067584481,83,1000
"308",1,"class",24,NA,"pland",92.9974968710889,83,1000
"309",1,"class",33,NA,"pland",0.585106382978723,83,1000
"310",1,"class",3,NA,"pland",0.450365922311878,84,1000
"311",1,"class",6,NA,"pland",1.11340464127103,84,1000
"312",1,"class",24,NA,"pland",62.6915618940389,84,1000
"313",1,"class",25,NA,"pland",1.38862826046162,84,1000
"314",1,"class",33,NA,"pland",34.3560392819166,84,1000
"315",1,"class",3,NA,"pland",0.409784784784785,85,1000
"316",1,"class",6,NA,"pland",1.14176676676677,85,1000
"317",1,"class",24,NA,"pland",46.946946946947,85,1000
"318",1,"class",25,NA,"pland",1.38888888888889,85,1000
"319",1,"class",33,NA,"pland",50.1126126126126,85,1000
"320",1,"class",3,NA,"pland",10.4237075979472,86,1000
"321",1,"class",6,NA,"pland",32.9609463011641,86,1000
"322",1,"class",15,NA,"pland",0.444360996370009,86,1000
"323",1,"class",19,NA,"pland",0.287895856803104,86,1000
"324",1,"class",21,NA,"pland",1.38315183377144,86,1000
"325",1,"class",24,NA,"pland",50.0625860558268,86,1000
"326",1,"class",25,NA,"pland",1.03579922393291,86,1000
"327",1,"class",33,NA,"pland",3.4015521341845,86,1000
"328",1,"class",3,NA,"pland",10.9703057041835,87,1000
"329",1,"class",6,NA,"pland",34.0936825307425,87,1000
"330",1,"class",15,NA,"pland",1.81169623580212,87,1000
"331",1,"class",19,NA,"pland",0.168966488313151,87,1000
"332",1,"class",21,NA,"pland",1.85863137144466,87,1000
"333",1,"class",24,NA,"pland",49.8857911699365,87,1000
"334",1,"class",25,NA,"pland",0.572608654839012,87,1000
"335",1,"class",33,NA,"pland",0.638317844738571,87,1000
"336",1,"class",24,NA,"pland",99.8717146433041,88,1000
"337",1,"class",33,NA,"pland",0.12828535669587,88,1000
"338",1,"class",3,NA,"pland",24.2388209156053,89,1000
"339",1,"class",6,NA,"pland",2.37819570047251,89,1000
"340",1,"class",11,NA,"pland",0.294145257690021,89,1000
"341",1,"class",24,NA,"pland",71.9498075539005,89,1000
"342",1,"class",25,NA,"pland",1.13590136746253,89,1000
"343",1,"class",33,NA,"pland",0.00312920486904278,89,1000
"344",1,"class",3,NA,"pland",19.3363772829622,90,1000
"345",1,"class",6,NA,"pland",2.09844883662747,90,1000
"346",1,"class",11,NA,"pland",0.293970477858394,90,1000
"347",1,"class",24,NA,"pland",77.4393294971228,90,1000
"348",1,"class",25,NA,"pland",0.82874655991994,90,1000
"349",1,"class",33,NA,"pland",0.00312734550913185,90,1000
"350",1,"class",3,NA,"pland",27.830955955956,91,1000
"351",1,"class",6,NA,"pland",2.62762762762763,91,1000
"352",1,"class",11,NA,"pland",0.294044044044044,91,1000
"353",1,"class",24,NA,"pland",68.043043043043,91,1000
"354",1,"class",25,NA,"pland",1.2012012012012,91,1000
"355",1,"class",33,NA,"pland",0.00312812812812813,91,1000
"356",1,"class",3,NA,"pland",30.0187734668335,92,1000
"357",1,"class",6,NA,"pland",2.81602002503129,92,1000
"358",1,"class",11,NA,"pland",0.294117647058824,92,1000
"359",1,"class",19,NA,"pland",0.147058823529412,92,1000
"360",1,"class",24,NA,"pland",65.4005006257822,92,1000
"361",1,"class",25,NA,"pland",1.32040050062578,92,1000
"362",1,"class",33,NA,"pland",0.00312891113892365,92,1000
"363",1,"class",3,NA,"pland",24.2471622001939,93,1000
"364",1,"class",6,NA,"pland",2.31401857468964,93,1000
"365",1,"class",11,NA,"pland",0.293942900028143,93,1000
"366",1,"class",24,NA,"pland",71.9440883079521,93,1000
"367",1,"class",25,NA,"pland",1.19766096500829,93,1000
"368",1,"class",33,NA,"pland",0.00312705212795897,93,1000
"369",1,"class",3,NA,"pland",17.056469263961,94,1000
"370",1,"class",6,NA,"pland",1.63216809455319,94,1000
"371",1,"class",11,NA,"pland",0.293915327371647,94,1000
"372",1,"class",24,NA,"pland",80.1106872615846,94,1000
"373",1,"class",25,NA,"pland",0.903633293727722,94,1000
"374",1,"class",33,NA,"pland",0.00312675880182603,94,1000
"375",1,"class",3,NA,"pland",32.1733687998748,95,1000
"376",1,"class",6,NA,"pland",2.71006102331404,95,1000
"377",1,"class",11,NA,"pland",0.294163667657644,95,1000
"378",1,"class",24,NA,"pland",63.4141761852605,95,1000
"379",1,"class",25,NA,"pland",1.40510092317321,95,1000
"380",1,"class",33,NA,"pland",0.00312940071976217,95,1000
"381",1,"class",3,NA,"pland",13.9280908721094,96,1000
"382",1,"class",6,NA,"pland",1.93697781393748,96,1000
"383",1,"class",11,NA,"pland",0.294145257690021,96,1000
"384",1,"class",24,NA,"pland",83.0835184779548,96,1000
"385",1,"class",25,NA,"pland",0.754138373439309,96,1000
"386",1,"class",33,NA,"pland",0.00312920486904278,96,1000
"387",1,"class",3,NA,"pland",22.6978315967333,97,1000
"388",1,"class",6,NA,"pland",2.33736975499859,97,1000
"389",1,"class",11,NA,"pland",0.294126850026597,97,1000
"390",1,"class",24,NA,"pland",73.6693889045339,97,1000
"391",1,"class",25,NA,"pland",0.998153884664727,97,1000
"392",1,"class",33,NA,"pland",0.00312900904283613,97,1000
"393",1,"class",3,NA,"pland",18.5607008760951,98,1000
"394",1,"class",6,NA,"pland",1.42991239048811,98,1000
"395",1,"class",11,NA,"pland",0.19712140175219,98,1000
"396",1,"class",24,NA,"pland",78.7546933667084,98,1000
"397",1,"class",25,NA,"pland",1.05444305381727,98,1000
"398",1,"class",33,NA,"pland",0.00312891113892365,98,1000
"399",1,"class",3,NA,"pland",34.8540317281517,99,1000
"400",1,"class",6,NA,"pland",3.02575174442254,99,1000
"401",1,"class",11,NA,"pland",0.294126850026597,99,1000
"402",1,"class",19,NA,"pland",0.341061985669139,99,1000
"403",1,"class",21,NA,"pland",0.0125160361713445,99,1000
"404",1,"class",24,NA,"pland",59.8203948809412,99,1000
"405",1,"class",25,NA,"pland",1.64898776557464,99,1000
"406",1,"class",33,NA,"pland",0.00312900904283613,99,1000
"407",1,"class",3,NA,"pland",28.1363352095059,100,1000
"408",1,"class",6,NA,"pland",2.62976860537836,100,1000
"409",1,"class",11,NA,"pland",0.293933708567855,100,1000
"410",1,"class",24,NA,"pland",67.5547217010632,100,1000
"411",1,"class",25,NA,"pland",1.38211382113821,100,1000
"412",1,"class",33,NA,"pland",0.00312695434646654,100,1000
"413",1,"class",3,NA,"pland",2.04285937744408,101,1000
"414",1,"class",6,NA,"pland",3.85734396996715,101,1000
"415",1,"class",15,NA,"pland",0.0312842171124668,101,1000
"416",1,"class",21,NA,"pland",0.178320037541061,101,1000
"417",1,"class",24,NA,"pland",93.8901923979353,101,1000
"418",1,"class",3,NA,"pland",9.90926157697121,102,1000
"419",1,"class",6,NA,"pland",25.3723404255319,102,1000
"420",1,"class",19,NA,"pland",0.287859824780976,102,1000
"421",1,"class",21,NA,"pland",0.935544430538173,102,1000
"422",1,"class",24,NA,"pland",43.1289111389237,102,1000
"423",1,"class",25,NA,"pland",1.0450563204005,102,1000
"424",1,"class",33,NA,"pland",19.3210262828536,102,1000
"425",1,"class",24,NA,"pland",100,103,1000
"426",1,"class",24,NA,"pland",100,104,1000
"427",1,"class",24,NA,"pland",100,105,1000
"428",1,"class",24,NA,"pland",100,106,1000
"429",1,"class",24,NA,"pland",100,107,1000
"430",1,"class",24,NA,"pland",100,108,1000
"431",1,"class",24,NA,"pland",100,109,1000
"432",1,"class",3,NA,"pland",4.14582291145573,110,1000
"433",1,"class",11,NA,"pland",0.087543771885943,110,1000
"434",1,"class",15,NA,"pland",0.1532016008004,110,1000
"435",1,"class",23,NA,"pland",4.21773386693347,110,1000
"436",1,"class",24,NA,"pland",34.2608804402201,110,1000
"437",1,"class",25,NA,"pland",0.087543771885943,110,1000
"438",1,"class",33,NA,"pland",57.0472736368184,110,1000
"439",1,"class",3,NA,"pland",5.95193390912505,111,1000
"440",1,"class",6,NA,"pland",0.165853047940919,111,1000
"441",1,"class",11,NA,"pland",0.0876204781574665,111,1000
"442",1,"class",15,NA,"pland",0.200275378645638,111,1000
"443",1,"class",23,NA,"pland",4.32782576042058,111,1000
"444",1,"class",24,NA,"pland",38.2525973213168,111,1000
"445",1,"class",25,NA,"pland",0.0876204781574665,111,1000
"446",1,"class",33,NA,"pland",50.9262736262361,111,1000
"447",1,"class",3,NA,"pland",0.522479116478428,112,1000
"448",1,"class",11,NA,"pland",0.100115758846166,112,1000
"449",1,"class",24,NA,"pland",84.0784657259957,112,1000
"450",1,"class",25,NA,"pland",0.118887463629822,112,1000
"451",1,"class",33,NA,"pland",15.1800519350499,112,1000
"452",1,"class",3,NA,"pland",13.4328358208955,113,1000
"453",1,"class",6,NA,"pland",1.91808254325855,113,1000
"454",1,"class",15,NA,"pland",0.306642886197941,113,1000
"455",1,"class",19,NA,"pland",0.316029913326449,113,1000
"456",1,"class",24,NA,"pland",83.4162520729685,113,1000
"457",1,"class",25,NA,"pland",0.610156763353046,113,1000
"458",1,"class",3,NA,"pland",10.507223716305,114,1000
"459",1,"class",6,NA,"pland",1.55106635812121,114,1000
"460",1,"class",15,NA,"pland",0.306460691725561,114,1000
"461",1,"class",19,NA,"pland",0.315842141472262,114,1000
"462",1,"class",24,NA,"pland",86.7815373068985,114,1000
"463",1,"class",25,NA,"pland",0.537869785477516,114,1000
"464",1,"class",24,NA,"pland",56.4612015018773,115,1000
"465",1,"class",33,NA,"pland",43.5387984981227,115,1000
"466",1,"class",3,NA,"pland",0.466207759699625,116,1000
"467",1,"class",11,NA,"pland",0.0219023779724656,116,1000
"468",1,"class",24,NA,"pland",70.2784730913642,116,1000
"469",1,"class",25,NA,"pland",0.118898623279099,116,1000
"470",1,"class",33,NA,"pland",29.1145181476846,116,1000
"471",1,"class",3,NA,"pland",34.5100616530529,117,1000
"472",1,"class",5,NA,"pland",1.08284042186962,117,1000
"473",1,"class",6,NA,"pland",6.37185866741777,117,1000
"474",1,"class",11,NA,"pland",1.98416424122931,117,1000
"475",1,"class",15,NA,"pland",3.00128313460395,117,1000
"476",1,"class",19,NA,"pland",1.02337808656464,117,1000
"477",1,"class",21,NA,"pland",4.38456482959347,117,1000
"478",1,"class",24,NA,"pland",32.1472162238287,117,1000
"479",1,"class",25,NA,"pland",1.53663192814446,117,1000
"480",1,"class",33,NA,"pland",13.9580008136951,117,1000
"481",1,"class",3,NA,"pland",15.0588824855926,118,1000
"482",1,"class",6,NA,"pland",18.0938361312954,118,1000
"483",1,"class",15,NA,"pland",0.238035580055124,118,1000
"484",1,"class",21,NA,"pland",1.22776246554748,118,1000
"485",1,"class",24,NA,"pland",64.9617890253069,118,1000
"486",1,"class",25,NA,"pland",0.419694312202456,118,1000
"487",1,"class",3,NA,"pland",3.38983050847458,119,1000
"488",1,"class",6,NA,"pland",1.00381512289699,119,1000
"489",1,"class",15,NA,"pland",0.118831696791544,119,1000
"490",1,"class",19,NA,"pland",0.781787478891738,119,1000
"491",1,"class",24,NA,"pland",94.0803052098317,119,1000
"492",1,"class",25,NA,"pland",0.619175683282256,119,1000
"493",1,"class",33,NA,"pland",0.0062542998311339,119,1000
"494",1,"class",24,NA,"pland",99.9530589892036,120,1000
"495",1,"class",33,NA,"pland",0.0469410107964325,120,1000
"496",1,"class",24,NA,"pland",100,121,1000
"497",1,"class",3,NA,"pland",0.466266115909375,122,1000
"498",1,"class",6,NA,"pland",1.16097133558643,122,1000
"499",1,"class",24,NA,"pland",58.5774189510577,122,1000
"500",1,"class",25,NA,"pland",1.38941043935411,122,1000
"501",1,"class",33,NA,"pland",38.4059331580924,122,1000
"502",1,"class",24,NA,"pland",99.4805357366379,123,1000
"503",1,"class",33,NA,"pland",0.519464263362123,123,1000
"504",1,"class",3,NA,"pland",10.2258508508509,124,1000
"505",1,"class",5,NA,"pland",2.21158658658659,124,1000
"506",1,"class",6,NA,"pland",22.6601601601602,124,1000
"507",1,"class",11,NA,"pland",0.669419419419419,124,1000
"508",1,"class",15,NA,"pland",1.73298298298298,124,1000
"509",1,"class",21,NA,"pland",1.24186686686687,124,1000
"510",1,"class",24,NA,"pland",56.2625125125125,124,1000
"511",1,"class",25,NA,"pland",0.96971971971972,124,1000
"512",1,"class",33,NA,"pland",4.0259009009009,124,1000
"513",1,"class",3,NA,"pland",3.22984476715073,125,1000
"514",1,"class",6,NA,"pland",6.9134952428643,125,1000
"515",1,"class",11,NA,"pland",0.929519278918377,125,1000
"516",1,"class",15,NA,"pland",0.81685027541312,125,1000
"517",1,"class",19,NA,"pland",0.0312969454181272,125,1000
"518",1,"class",21,NA,"pland",0.625938908362544,125,1000
"519",1,"class",24,NA,"pland",87.2339759639459,125,1000
"520",1,"class",25,NA,"pland",0.187781672508763,125,1000
"521",1,"class",33,NA,"pland",0.0312969454181272,125,1000
"522",1,"class",3,NA,"pland",4.40265348269604,126,1000
"523",1,"class",6,NA,"pland",0.0219037486701295,126,1000
"524",1,"class",23,NA,"pland",3.51085800112648,126,1000
"525",1,"class",24,NA,"pland",54.3651041992615,126,1000
"526",1,"class",33,NA,"pland",37.6994805682458,126,1000
"527",1,"class",23,NA,"pland",4.68906406406406,127,1000
"528",1,"class",24,NA,"pland",31.4095345345345,127,1000
"529",1,"class",33,NA,"pland",63.9014014014014,127,1000
"530",1,"class",3,NA,"pland",4.50007823501799,128,1000
"531",1,"class",6,NA,"pland",5.08214676889376,128,1000
"532",1,"class",15,NA,"pland",0.0844938194335785,128,1000
"533",1,"class",21,NA,"pland",0.228446252542638,128,1000
"534",1,"class",23,NA,"pland",2.58175559380379,128,1000
"535",1,"class",24,NA,"pland",62.7789078391488,128,1000
"536",1,"class",33,NA,"pland",24.7441714911594,128,1000
"537",1,"class",3,NA,"pland",7.62226602834882,129,1000
"538",1,"class",5,NA,"pland",0.929315685722332,129,1000
"539",1,"class",6,NA,"pland",14.0429925842486,129,1000
"540",1,"class",11,NA,"pland",2.01821083262931,129,1000
"541",1,"class",15,NA,"pland",2.35927281829845,129,1000
"542",1,"class",19,NA,"pland",0.00625801808567227,129,1000
"543",1,"class",21,NA,"pland",0.572608654839012,129,1000
"544",1,"class",23,NA,"pland",4.59338527488344,129,1000
"545",1,"class",24,NA,"pland",41.0964047686098,129,1000
"546",1,"class",25,NA,"pland",0.650833880909916,129,1000
"547",1,"class",30,NA,"pland",0.287868831940924,129,1000
"548",1,"class",33,NA,"pland",25.8205826214838,129,1000
"549",1,"class",3,NA,"pland",11.0033476206864,130,1000
"550",1,"class",6,NA,"pland",49.2256671776742,130,1000
"551",1,"class",11,NA,"pland",0.716453399242875,130,1000
"552",1,"class",15,NA,"pland",7.78712886775334,130,1000
"553",1,"class",19,NA,"pland",0.447392297343804,130,1000
"554",1,"class",21,NA,"pland",6.46685229796953,130,1000
"555",1,"class",24,NA,"pland",13.8128461033069,130,1000
"556",1,"class",25,NA,"pland",0.556893908581798,130,1000
"557",1,"class",33,NA,"pland",9.9834183274411,130,1000
"558",1,"class",3,NA,"pland",17.4125305126119,131,1000
"559",1,"class",6,NA,"pland",23.3147649746511,131,1000
"560",1,"class",15,NA,"pland",3.7960818676848,131,1000
"561",1,"class",19,NA,"pland",0.0876259623208362,131,1000
"562",1,"class",21,NA,"pland",2.82593728484697,131,1000
"563",1,"class",24,NA,"pland",51.8933466858609,131,1000
"564",1,"class",25,NA,"pland",0.0844964636665206,131,1000
"565",1,"class",33,NA,"pland",0.585216248357013,131,1000
"566",1,"class",3,NA,"pland",6.50602409638554,132,1000
"567",1,"class",6,NA,"pland",37.8438429040839,132,1000
"568",1,"class",15,NA,"pland",1.74620560162729,132,1000
"569",1,"class",19,NA,"pland",0.168987638867157,132,1000
"570",1,"class",21,NA,"pland",2.81333124706619,132,1000
"571",1,"class",24,NA,"pland",5.73619151932405,132,1000
"572",1,"class",25,NA,"pland",0.60710373963386,132,1000
"573",1,"class",33,NA,"pland",44.578313253012,132,1000
"574",1,"class",3,NA,"pland",13.1400331550468,133,1000
"575",1,"class",6,NA,"pland",1.34184104344562,133,1000
"576",1,"class",15,NA,"pland",0.306527790810422,133,1000
"577",1,"class",19,NA,"pland",0.315911294610741,133,1000
"578",1,"class",24,NA,"pland",84.3389321572675,133,1000
"579",1,"class",25,NA,"pland",0.55675455881893,133,1000
"580",1,"class",3,NA,"pland",8.86392791214293,134,1000
"581",1,"class",6,NA,"pland",1.43299646444104,134,1000
"582",1,"class",15,NA,"pland",0.306623697631488,134,1000
"583",1,"class",19,NA,"pland",0.316010137354901,134,1000
"584",1,"class",24,NA,"pland",88.542285910954,134,1000
"585",1,"class",25,NA,"pland",0.538155877475674,134,1000
"586",1,"class",3,NA,"pland",24.3389554714147,135,1000
"587",1,"class",6,NA,"pland",14.8793691522984,135,1000
"588",1,"class",11,NA,"pland",0.0751009168570266,135,1000
"589",1,"class",21,NA,"pland",0.39427981349939,135,1000
"590",1,"class",24,NA,"pland",58.4629345683262,135,1000
"591",1,"class",25,NA,"pland",1.84936007760428,135,1000
"592",1,"class",3,NA,"pland",23.1250390942641,136,1000
"593",1,"class",6,NA,"pland",16.6823043723025,136,1000
"594",1,"class",21,NA,"pland",0.935134797022581,136,1000
"595",1,"class",24,NA,"pland",57.5498842809783,136,1000
"596",1,"class",25,NA,"pland",1.70763745543254,136,1000
"597",1,"class",3,NA,"pland",18.6958290309459,137,1000
"598",1,"class",6,NA,"pland",14.9942113332708,137,1000
"599",1,"class",21,NA,"pland",0.97937983040771,137,1000
"600",1,"class",24,NA,"pland",63.6315278951156,137,1000
"601",1,"class",25,NA,"pland",1.69905191026002,137,1000
"602",1,"class",3,NA,"pland",11.0937255515569,138,1000
"603",1,"class",6,NA,"pland",12.0982631826005,138,1000
"604",1,"class",21,NA,"pland",0.65091534971053,138,1000
"605",1,"class",24,NA,"pland",74.4859959317791,138,1000
"606",1,"class",25,NA,"pland",1.671099984353,138,1000
"607",1,"class",3,NA,"pland",8.25148576790741,139,1000
"608",1,"class",6,NA,"pland",2.83077885517673,139,1000
"609",1,"class",24,NA,"pland",87.1911166718799,139,1000
"610",1,"class",25,NA,"pland",1.72661870503597,139,1000
"611",1,"class",3,NA,"pland",7.51900872993523,140,1000
"612",1,"class",6,NA,"pland",7.54404080227792,140,1000
"613",1,"class",21,NA,"pland",0.403642166525861,140,1000
"614",1,"class",24,NA,"pland",82.9375136894146,140,1000
"615",1,"class",25,NA,"pland",1.59579461184643,140,1000
"616",1,"class",3,NA,"pland",2.54364557912521,141,1000
"617",1,"class",24,NA,"pland",97.4563544208748,141,1000
"618",1,"class",3,NA,"pland",11.4931022617074,142,1000
"619",1,"class",6,NA,"pland",1.0980073200488,142,1000
"620",1,"class",21,NA,"pland",0.222104044796196,142,1000
"621",1,"class",24,NA,"pland",87.1836581474646,142,1000
"622",1,"class",33,NA,"pland",0.00312822598304502,142,1000
"623",1,"class",3,NA,"pland",7.86780583982725,143,1000
"624",1,"class",6,NA,"pland",13.6325227678152,143,1000
"625",1,"class",15,NA,"pland",0.106406284229963,143,1000
"626",1,"class",21,NA,"pland",0.916971802334679,143,1000
"627",1,"class",24,NA,"pland",77.056927362063,143,1000
"628",1,"class",25,NA,"pland",0.419365943729853,143,1000
"629",1,"class",24,NA,"pland",100,144,1000
"630",1,"class",3,NA,"pland",6.2842299627578,145,1000
"631",1,"class",6,NA,"pland",11.413638781961,145,1000
"632",1,"class",21,NA,"pland",0.115795074014959,145,1000
"633",1,"class",24,NA,"pland",81.9735236128063,145,1000
"634",1,"class",25,NA,"pland",0.212812568459925,145,1000
"635",1,"class",3,NA,"pland",7.84737221022318,146,1000
"636",1,"class",6,NA,"pland",51.8546342379566,146,1000
"637",1,"class",11,NA,"pland",1.51187904967603,146,1000
"638",1,"class",15,NA,"pland",6.53895514445801,146,1000
"639",1,"class",19,NA,"pland",0.447616364603875,146,1000
"640",1,"class",21,NA,"pland",7.63451967320875,146,1000
"641",1,"class",24,NA,"pland",7.69086299183022,146,1000
"642",1,"class",25,NA,"pland",0.55717281747895,146,1000
"643",1,"class",33,NA,"pland",15.9169875105644,146,1000
"644",1,"class",3,NA,"pland",0.676098660323025,147,1000
"645",1,"class",24,NA,"pland",99.323901339677,147,1000
"646",1,"class",3,NA,"pland",11.814002939429,148,1000
"647",1,"class",6,NA,"pland",3.70242971950342,148,1000
"648",1,"class",15,NA,"pland",2.24209637574658,148,1000
"649",1,"class",21,NA,"pland",1.84496075549579,148,1000
"650",1,"class",24,NA,"pland",79.724194002314,148,1000
"651",1,"class",25,NA,"pland",0.115700928734482,148,1000
"652",1,"class",33,NA,"pland",0.556615278776697,148,1000
"653",1,"class",3,NA,"pland",0.240948774916294,149,1000
"654",1,"class",24,NA,"pland",99.7590512250837,149,1000
"655",1,"class",3,NA,"pland",0.00312969454181272,150,1000
"656",1,"class",24,NA,"pland",99.9968703054582,150,1000
"657",1,"class",3,NA,"pland",8.48109578759733,151,1000
"658",1,"class",6,NA,"pland",3.89029615035807,151,1000
"659",1,"class",11,NA,"pland",0.487850642649404,151,1000
"660",1,"class",21,NA,"pland",0.365887981987053,151,1000
"661",1,"class",24,NA,"pland",86.6153798042343,151,1000
"662",1,"class",25,NA,"pland",0.159489633173844,151,1000
"663",1,"class",3,NA,"pland",16.4611629216999,152,1000
"664",1,"class",6,NA,"pland",7.21975339550604,152,1000
"665",1,"class",11,NA,"pland",0.941979094948989,152,1000
"666",1,"class",21,NA,"pland",0.932590598986042,152,1000
"667",1,"class",24,NA,"pland",74.2849095574889,152,1000
"668",1,"class",25,NA,"pland",0.159604431370095,152,1000
"669",1,"class",3,NA,"pland",15.4276778733385,153,1000
"670",1,"class",6,NA,"pland",8.4659890539484,153,1000
"671",1,"class",11,NA,"pland",0.612978889757623,153,1000
"672",1,"class",21,NA,"pland",0.781860828772478,153,1000
"673",1,"class",24,NA,"pland",74.5519937451134,153,1000
"674",1,"class",25,NA,"pland",0.159499609069586,153,1000
"675",1,"class",3,NA,"pland",3.21924665248405,154,1000
"676",1,"class",6,NA,"pland",9.59829808534601,154,1000
"677",1,"class",15,NA,"pland",0.666374671505444,154,1000
"678",1,"class",21,NA,"pland",0.606932799399324,154,1000
"679",1,"class",24,NA,"pland",85.8528344387436,154,1000
"680",1,"class",33,NA,"pland",0.0563133525215868,154,1000
"681",1,"class",3,NA,"pland",0.531914893617021,155,1000
"682",1,"class",6,NA,"pland",1.32978723404255,155,1000
"683",1,"class",24,NA,"pland",62.1057571964956,155,1000
"684",1,"class",25,NA,"pland",1.39236545682103,155,1000
"685",1,"class",33,NA,"pland",34.6401752190238,155,1000
"686",1,"class",3,NA,"pland",10.826371288213,156,1000
"687",1,"class",6,NA,"pland",53.3308301260991,156,1000
"688",1,"class",11,NA,"pland",2.39682092681248,156,1000
"689",1,"class",15,NA,"pland",7.58471791983479,156,1000
"690",1,"class",19,NA,"pland",0.447448293125567,156,1000
"691",1,"class",21,NA,"pland",9.2743828029663,156,1000
"692",1,"class",24,NA,"pland",7.73803936293376,156,1000
"693",1,"class",25,NA,"pland",0.556963609624832,156,1000
"694",1,"class",33,NA,"pland",7.84442567039019,156,1000
"695",1,"class",3,NA,"pland",9.48599299649825,157,1000
"696",1,"class",6,NA,"pland",53.1547023511756,157,1000
"697",1,"class",11,NA,"pland",2.33241620810405,157,1000
"698",1,"class",15,NA,"pland",6.99724862431216,157,1000
"699",1,"class",19,NA,"pland",0.447098549274637,157,1000
"700",1,"class",21,NA,"pland",9.3671835917959,157,1000
"701",1,"class",24,NA,"pland",7.43496748374187,157,1000
"702",1,"class",25,NA,"pland",0.556528264132066,157,1000
"703",1,"class",33,NA,"pland",10.2238619309655,157,1000
"704",1,"class",3,NA,"pland",21.1601639498138,158,1000
"705",1,"class",6,NA,"pland",8.21939238446857,158,1000
"706",1,"class",11,NA,"pland",2.16826757610838,158,1000
"707",1,"class",15,NA,"pland",1.65827101780295,158,1000
"708",1,"class",21,NA,"pland",5.05303338443728,158,1000
"709",1,"class",24,NA,"pland",53.3681674540847,158,1000
"710",1,"class",33,NA,"pland",8.37270423328432,158,1000
"711",1,"class",3,NA,"pland",18.5662454647817,159,1000
"712",1,"class",6,NA,"pland",5.89891154760415,159,1000
"713",1,"class",11,NA,"pland",2.00800700613036,159,1000
"714",1,"class",15,NA,"pland",1.43563117728012,159,1000
"715",1,"class",21,NA,"pland",3.83460527961967,159,1000
"716",1,"class",24,NA,"pland",60.881396221694,159,1000
"717",1,"class",33,NA,"pland",7.37520330289003,159,1000
"718",1,"class",3,NA,"pland",16.9815451986237,160,1000
"719",1,"class",6,NA,"pland",23.296840788239,160,1000
"720",1,"class",15,NA,"pland",3.73475132937129,160,1000
"721",1,"class",19,NA,"pland",0.0875821082264623,160,1000
"722",1,"class",21,NA,"pland",2.77447607131686,160,1000
"723",1,"class",24,NA,"pland",52.4554269627776,160,1000
"724",1,"class",25,NA,"pland",0.0844541757898029,160,1000
"725",1,"class",33,NA,"pland",0.584923365655302,160,1000
"726",1,"class",3,NA,"pland",13.9122549172895,161,1000
"727",1,"class",6,NA,"pland",23.2683948841427,161,1000
"728",1,"class",15,NA,"pland",3.47415491416242,161,1000
"729",1,"class",19,NA,"pland",0.0781763031989743,161,1000
"730",1,"class",21,NA,"pland",2.37968666937678,161,1000
"731",1,"class",24,NA,"pland",56.2275243128303,161,1000
"732",1,"class",25,NA,"pland",0.0750492510710153,161,1000
"733",1,"class",33,NA,"pland",0.584758747928328,161,1000
"734",1,"class",3,NA,"pland",0.450365922311878,162,1000
"735",1,"class",6,NA,"pland",0.866328892224933,162,1000
"736",1,"class",24,NA,"pland",74.7294676925002,162,1000
"737",1,"class",25,NA,"pland",1.38862826046163,162,1000
"738",1,"class",33,NA,"pland",22.5652092325014,162,1000
"739",1,"class",24,NA,"pland",44.872235949082,163,1000
"740",1,"class",25,NA,"pland",1.38867169173991,163,1000
"741",1,"class",33,NA,"pland",53.7390923591781,163,1000
"742",1,"class",24,NA,"pland",99.6557874644053,164,1000
"743",1,"class",33,NA,"pland",0.344212535594705,164,1000
"744",1,"class",24,NA,"pland",99.3928772610628,165,1000
"745",1,"class",33,NA,"pland",0.607122738937222,165,1000
"746",1,"class",3,NA,"pland",5.51419992493432,166,1000
"747",1,"class",6,NA,"pland",16.7083698235956,166,1000
"748",1,"class",15,NA,"pland",2.26135368447391,166,1000
"749",1,"class",21,NA,"pland",1.09158013261604,166,1000
"750",1,"class",24,NA,"pland",74.214938070812,166,1000
"751",1,"class",33,NA,"pland",0.209558363568122,166,1000
"752",1,"class",3,NA,"pland",7.61189358372457,167,1000
"753",1,"class",6,NA,"pland",6.51643192488263,167,1000
"754",1,"class",11,NA,"pland",0.5320813771518,167,1000
"755",1,"class",24,NA,"pland",50.3380281690141,167,1000
"756",1,"class",25,NA,"pland",0.757433489827856,167,1000
"757",1,"class",33,NA,"pland",34.2441314553991,167,1000
"758",1,"class",3,NA,"pland",6.05169284686151,168,1000
"759",1,"class",6,NA,"pland",7.01545778834721,168,1000
"760",1,"class",24,NA,"pland",86.8452343701108,168,1000
"761",1,"class",25,NA,"pland",0.0876149946805182,168,1000
"762",1,"class",3,NA,"pland",5.87683064213293,169,1000
"763",1,"class",6,NA,"pland",6.53398422831393,169,1000
"764",1,"class",24,NA,"pland",87.5015646513957,169,1000
"765",1,"class",25,NA,"pland",0.0876204781574665,169,1000
"766",1,"class",3,NA,"pland",6.34935536362498,170,1000
"767",1,"class",6,NA,"pland",7.57604205782952,170,1000
"768",1,"class",24,NA,"pland",85.986982100388,170,1000
"769",1,"class",25,NA,"pland",0.0876204781574665,170,1000
"770",1,"class",3,NA,"pland",6.75176772417245,171,1000
"771",1,"class",6,NA,"pland",7.86246167323697,171,1000
"772",1,"class",24,NA,"pland",85.2981665728052,171,1000
"773",1,"class",25,NA,"pland",0.0876040297853701,171,1000
"774",1,"class",3,NA,"pland",6.94283658208442,172,1000
"775",1,"class",6,NA,"pland",8.48847032320641,172,1000
"776",1,"class",24,NA,"pland",84.4810863239573,172,1000
"777",1,"class",25,NA,"pland",0.0876067707518538,172,1000
"778",1,"class",3,NA,"pland",7.50696248083362,173,1000
"779",1,"class",6,NA,"pland",12.7170885877898,173,1000
"780",1,"class",15,NA,"pland",0.190881497011609,173,1000
"781",1,"class",21,NA,"pland",0.234690365178208,173,1000
"782",1,"class",24,NA,"pland",78.9060299777826,173,1000
"783",1,"class",25,NA,"pland",0.444347091404074,173,1000
"784",1,"class",3,NA,"pland",11.5105437707277,174,1000
"785",1,"class",6,NA,"pland",17.455102934735,174,1000
"786",1,"class",15,NA,"pland",0.23778236656029,174,1000
"787",1,"class",21,NA,"pland",1.04811964207496,174,1000
"788",1,"class",24,NA,"pland",69.329203429072,174,1000
"789",1,"class",25,NA,"pland",0.419247856829986,174,1000
"790",1,"class",3,NA,"pland",7.30020652105889,175,1000
"791",1,"class",6,NA,"pland",12.9419863570937,175,1000
"792",1,"class",21,NA,"pland",0.954377620627073,175,1000
"793",1,"class",24,NA,"pland",78.3872582764879,175,1000
"794",1,"class",25,NA,"pland",0.416171224732461,175,1000
"795",1,"class",24,NA,"pland",100,176,1000
"796",1,"class",3,NA,"pland",9.54973559873588,177,1000
"797",1,"class",6,NA,"pland",1.99004975124378,177,1000
"798",1,"class",11,NA,"pland",0.294126850026597,177,1000
"799",1,"class",24,NA,"pland",87.7342845520824,177,1000
"800",1,"class",25,NA,"pland",0.42867423886855,177,1000
"801",1,"class",33,NA,"pland",0.00312900904283613,177,1000
"802",1,"class",3,NA,"pland",4.00863687570409,178,1000
"803",1,"class",6,NA,"pland",0.168982350732257,178,1000
"804",1,"class",15,NA,"pland",0.776067092251846,178,1000
"805",1,"class",19,NA,"pland",2.81637251220428,178,1000
"806",1,"class",21,NA,"pland",0.209663287019652,178,1000
"807",1,"class",24,NA,"pland",91.9389160095131,178,1000
"808",1,"class",25,NA,"pland",0.0813618725747903,178,1000
"809",1,"class",3,NA,"pland",1.09841965263652,179,1000
"810",1,"class",15,NA,"pland",0.378657487091222,179,1000
"811",1,"class",19,NA,"pland",2.71006102331404,179,1000
"812",1,"class",21,NA,"pland",0.153340635268346,179,1000
"813",1,"class",24,NA,"pland",95.5781567829761,179,1000
"814",1,"class",25,NA,"pland",0.0813644187138163,179,1000
"815",1,"class",3,NA,"pland",1.0600043775992,180,1000
"816",1,"class",19,NA,"pland",1.21009349301148,180,1000
"817",1,"class",24,NA,"pland",97.648603858541,180,1000
"818",1,"class",25,NA,"pland",0.0812982708483162,180,1000
"819",1,"class",3,NA,"pland",1.05763815007197,181,1000
"820",1,"class",19,NA,"pland",1.05763815007197,181,1000
"821",1,"class",24,NA,"pland",97.8033669190813,181,1000
"822",1,"class",25,NA,"pland",0.0813567807747669,181,1000
"823",1,"class",3,NA,"pland",1.02251407129456,182,1000
"824",1,"class",15,NA,"pland",1.08505315822389,182,1000
"825",1,"class",19,NA,"pland",3.25828642901814,182,1000
"826",1,"class",21,NA,"pland",0.34396497811132,182,1000
"827",1,"class",24,NA,"pland",94.1181988742964,182,1000
"828",1,"class",25,NA,"pland",0.17198248905566,182,1000
"829",1,"class",3,NA,"pland",0.284748732711684,183,1000
"830",1,"class",6,NA,"pland",0.788534952124664,183,1000
"831",1,"class",24,NA,"pland",49.2302396895926,183,1000
"832",1,"class",25,NA,"pland",1.38932348707679,183,1000
"833",1,"class",33,NA,"pland",48.3071531384943,183,1000
"834",1,"class",24,NA,"pland",100,184,1000
"835",1,"class",24,NA,"pland",100,185,1000
"836",1,"class",24,NA,"pland",63.8821100056317,186,1000
"837",1,"class",25,NA,"pland",0.15017833677492,186,1000
"838",1,"class",33,NA,"pland",35.9677116575934,186,1000
"839",1,"class",3,NA,"pland",3.6343715761465,187,1000
"840",1,"class",6,NA,"pland",0.760682422914384,187,1000
"841",1,"class",24,NA,"pland",95.6049460009391,187,1000
"842",1,"class",3,NA,"pland",3.04916187140355,188,1000
"843",1,"class",6,NA,"pland",0.309607205404053,188,1000
"844",1,"class",24,NA,"pland",96.6412309231924,188,1000
"845",1,"class",3,NA,"pland",9.86351968947599,189,1000
"846",1,"class",6,NA,"pland",18.2182432855444,189,1000
"847",1,"class",19,NA,"pland",0.287985976335065,189,1000
"848",1,"class",21,NA,"pland",0.169035246979278,189,1000
"849",1,"class",24,NA,"pland",57.2434733612972,189,1000
"850",1,"class",25,NA,"pland",1.04551430539035,189,1000
"851",1,"class",33,NA,"pland",13.1722281349778,189,1000
"852",1,"class",3,NA,"pland",10.7780492388649,190,1000
"853",1,"class",6,NA,"pland",0.460439766961098,190,1000
"854",1,"class",19,NA,"pland",0.134686462444403,190,1000
"855",1,"class",24,NA,"pland",88.0943431685773,190,1000
"856",1,"class",25,NA,"pland",0.53248136315229,190,1000
"857",1,"class",3,NA,"pland",24.2838378784088,191,1000
"858",1,"class",6,NA,"pland",1.46047035276457,191,1000
"859",1,"class",15,NA,"pland",0.306479859894921,191,1000
"860",1,"class",19,NA,"pland",0.547285464098074,191,1000
"861",1,"class",21,NA,"pland",0.450337753314986,191,1000
"862",1,"class",24,NA,"pland",70.9594696022017,191,1000
"863",1,"class",25,NA,"pland",1.81073304978734,191,1000
"864",1,"class",36,NA,"pland",0.181386039529647,191,1000
"865",1,"class",3,NA,"pland",25.8229036295369,192,1000
"866",1,"class",6,NA,"pland",1.78035043804756,192,1000
"867",1,"class",11,NA,"pland",0.00625782227784731,192,1000
"868",1,"class",15,NA,"pland",0.306633291614518,192,1000
"869",1,"class",19,NA,"pland",0.54755944931164,192,1000
"870",1,"class",21,NA,"pland",0.450563204005006,192,1000
"871",1,"class",24,NA,"pland",68.9173967459324,192,1000
"872",1,"class",25,NA,"pland",1.8116395494368,192,1000
"873",1,"class",36,NA,"pland",0.356695869837297,192,1000
"874",1,"class",24,NA,"pland",100,193,1000
"875",1,"class",3,NA,"pland",15.2411354176447,194,1000
"876",1,"class",5,NA,"pland",0.103276687634964,194,1000
"877",1,"class",6,NA,"pland",3.57399931148875,194,1000
"878",1,"class",11,NA,"pland",0.131443056989954,194,1000
"879",1,"class",19,NA,"pland",0.128313460394955,194,1000
"880",1,"class",24,NA,"pland",60.7736362782837,194,1000
"881",1,"class",25,NA,"pland",1.04215566613464,194,1000
"882",1,"class",33,NA,"pland",19.0060401214283,194,1000
"883",1,"class",19,NA,"pland",0.12828535669587,195,1000
"884",1,"class",24,NA,"pland",40.8448060075094,195,1000
"885",1,"class",25,NA,"pland",1.1107634543179,195,1000
"886",1,"class",33,NA,"pland",57.9161451814768,195,1000
"887",1,"class",3,NA,"pland",2.7505710798886,196,1000
"888",1,"class",5,NA,"pland",0.103263760678412,196,1000
"889",1,"class",6,NA,"pland",0.265982413868636,196,1000
"890",1,"class",11,NA,"pland",0.0719717119879839,196,1000
"891",1,"class",19,NA,"pland",0.128297399630754,196,1000
"892",1,"class",24,NA,"pland",82.5765872891698,196,1000
"893",1,"class",25,NA,"pland",1.08583408955784,196,1000
"894",1,"class",33,NA,"pland",13.0174922552179,196,1000
"895",1,"class",19,NA,"pland",0.128289370756281,197,1000
"896",1,"class",24,NA,"pland",82.0989392659345,197,1000
"897",1,"class",25,NA,"pland",1.54885947620389,197,1000
"898",1,"class",33,NA,"pland",16.2239118871054,197,1000
"899",1,"class",3,NA,"pland",5.90149571312347,198,1000
"900",1,"class",15,NA,"pland",0.118906064209275,198,1000
"901",1,"class",24,NA,"pland",93.7543025220602,198,1000
"902",1,"class",25,NA,"pland",0.225295700607047,198,1000
"903",1,"class",3,NA,"pland",7.26061250664748,199,1000
"904",1,"class",6,NA,"pland",13.0478305752808,199,1000
"905",1,"class",21,NA,"pland",0.95410892482873,199,1000
"906",1,"class",24,NA,"pland",78.2056495761254,199,1000
"907",1,"class",25,NA,"pland",0.531798417117653,199,1000
"908",1,"class",24,NA,"pland",100,200,1000
"909",1,"class",24,NA,"pland",59.7772006133242,201,1000
"910",1,"class",25,NA,"pland",0.685295866320368,201,1000
"911",1,"class",33,NA,"pland",39.5375035203555,201,1000
"912",1,"class",3,NA,"pland",11.7002972000626,202,1000
"913",1,"class",6,NA,"pland",4.12013139371187,202,1000
"914",1,"class",19,NA,"pland",0.782105427811669,202,1000
"915",1,"class",21,NA,"pland",0.362896918504614,202,1000
"916",1,"class",24,NA,"pland",82.7279837322071,202,1000
"917",1,"class",25,NA,"pland",0.300328484279681,202,1000
"918",1,"class",33,NA,"pland",0.00625684342249335,202,1000
"919",1,"class",3,NA,"pland",1.06382978723404,203,1000
"920",1,"class",6,NA,"pland",4.33041301627034,203,1000
"921",1,"class",15,NA,"pland",0.156445556946183,203,1000
"922",1,"class",19,NA,"pland",0.356695869837297,203,1000
"923",1,"class",21,NA,"pland",0.294117647058824,203,1000
"924",1,"class",24,NA,"pland",93.526282853567,203,1000
"925",1,"class",25,NA,"pland",0.272215269086358,203,1000
"926",1,"class",3,NA,"pland",6.97004788582517,204,1000
"927",1,"class",6,NA,"pland",16.3406466151294,204,1000
"928",1,"class",11,NA,"pland",0.585271196519671,204,1000
"929",1,"class",15,NA,"pland",0.738631028762793,204,1000
"930",1,"class",19,NA,"pland",0.528934931614034,204,1000
"931",1,"class",21,NA,"pland",0.863822728553097,204,1000
"932",1,"class",24,NA,"pland",71.7692716972865,204,1000
"933",1,"class",25,NA,"pland",2.04375449907671,204,1000
"934",1,"class",33,NA,"pland",0.159619417232637,204,1000
"935",1,"class",3,NA,"pland",17.2105246691487,205,1000
"936",1,"class",6,NA,"pland",9.74251478271752,205,1000
"937",1,"class",15,NA,"pland",3.1223602290148,205,1000
"938",1,"class",21,NA,"pland",1.63313831617808,205,1000
"939",1,"class",24,NA,"pland",67.7064105371836,205,1000
"940",1,"class",33,NA,"pland",0.585051465757282,205,1000
"941",1,"class",3,NA,"pland",18.0259659002033,206,1000
"942",1,"class",6,NA,"pland",7.53949632410449,206,1000
"943",1,"class",15,NA,"pland",2.68418582824965,206,1000
"944",1,"class",21,NA,"pland",1.66432035038323,206,1000
"945",1,"class",24,NA,"pland",69.5010167370561,206,1000
"946",1,"class",33,NA,"pland",0.585014860003128,206,1000
"947",1,"class",3,NA,"pland",2.27507432326709,207,1000
"948",1,"class",24,NA,"pland",97.7249256767329,207,1000
"949",1,"class",3,NA,"pland",3.41083330725663,208,1000
"950",1,"class",24,NA,"pland",96.5891666927434,208,1000
"951",1,"class",24,NA,"pland",100,209,1000
"952",1,"class",3,NA,"pland",4.4180225281602,210,1000
"953",1,"class",24,NA,"pland",95.5819774718398,210,1000
"954",1,"class",3,NA,"pland",4.41788429648634,211,1000
"955",1,"class",24,NA,"pland",95.5821157035137,211,1000
"956",1,"class",3,NA,"pland",4.6935135642542,212,1000
"957",1,"class",15,NA,"pland",0.100128289370756,212,1000
"958",1,"class",24,NA,"pland",95.0405206671047,212,1000
"959",1,"class",25,NA,"pland",0.165837479270315,212,1000
"960",1,"class",3,NA,"pland",5.11264080100125,213,1000
"961",1,"class",6,NA,"pland",0.876095118898623,213,1000
"962",1,"class",15,NA,"pland",0.118898623279099,213,1000
"963",1,"class",24,NA,"pland",93.60450563204,213,1000
"964",1,"class",25,NA,"pland",0.287859824780976,213,1000
"965",1,"class",3,NA,"pland",5.73270332008637,214,1000
"966",1,"class",6,NA,"pland",1.00447476296273,214,1000
"967",1,"class",15,NA,"pland",0.118909785023625,214,1000
"968",1,"class",19,NA,"pland",0.319178896642363,214,1000
"969",1,"class",24,NA,"pland",92.1988922614763,214,1000
"970",1,"class",25,NA,"pland",0.61958256407047,214,1000
"971",1,"class",33,NA,"pland",0.00625840973808555,214,1000
"972",1,"class",3,NA,"pland",4.41829901746042,215,1000
"973",1,"class",24,NA,"pland",95.5817009825396,215,1000
"974",1,"class",3,NA,"pland",4.14932565635072,216,1000
"975",1,"class",24,NA,"pland",95.8506743436493,216,1000
"976",1,"class",3,NA,"pland",4.4184372750884,217,1000
"977",1,"class",24,NA,"pland",95.5815627249116,217,1000
"978",1,"class",3,NA,"pland",4.41816076848462,218,1000
"979",1,"class",24,NA,"pland",95.4472918426734,218,1000
"980",1,"class",25,NA,"pland",0.134547388841954,218,1000
"981",1,"class",3,NA,"pland",5.9233994617936,219,1000
"982",1,"class",15,NA,"pland",0.118906064209275,219,1000
"983",1,"class",24,NA,"pland",93.7323987733901,219,1000
"984",1,"class",25,NA,"pland",0.225295700607047,219,1000
"985",1,"class",3,NA,"pland",0.963312795170925,220,1000
"986",1,"class",24,NA,"pland",99.0366872048291,220,1000
"987",1,"class",3,NA,"pland",0.309771895240777,221,1000
"988",1,"class",24,NA,"pland",99.6902281047592,221,1000
"989",1,"class",24,NA,"pland",100,222,1000
"990",1,"class",3,NA,"pland",0.522511811269985,223,1000
"991",1,"class",11,NA,"pland",0.100122023716404,223,1000
"992",1,"class",24,NA,"pland",70.1605081192704,223,1000
"993",1,"class",25,NA,"pland",0.11889490316323,223,1000
"994",1,"class",33,NA,"pland",29.09796314258,223,1000
"995",1,"class",3,NA,"pland",0.25025025025025,224,1000
"996",1,"class",24,NA,"pland",99.7497497497498,224,1000
"997",1,"class",3,NA,"pland",18.6261930840244,225,1000
"998",1,"class",6,NA,"pland",2.06540447504303,225,1000
"999",1,"class",15,NA,"pland",0.306681270536692,225,1000
"1000",1,"class",19,NA,"pland",0.488186512282898,225,1000
"1001",1,"class",24,NA,"pland",76.7641996557659,225,1000
"1002",1,"class",25,NA,"pland",1.74933500234705,225,1000
"1003",1,"class",3,NA,"pland",4.4180225281602,226,1000
"1004",1,"class",24,NA,"pland",95.5819774718398,226,1000
"1005",1,"class",24,NA,"pland",100,227,1000
"1006",1,"class",24,NA,"pland",100,228,1000
"1007",1,"class",24,NA,"pland",100,229,1000
"1008",1,"class",24,NA,"pland",100,230,1000
"1009",1,"class",6,NA,"pland",0.00625743069895501,231,1000
"1010",1,"class",24,NA,"pland",99.993742569301,231,1000
"1011",1,"class",3,NA,"pland",0.813567807747669,232,1000
"1012",1,"class",6,NA,"pland",1.00444333187308,232,1000
"1013",1,"class",15,NA,"pland",0.0406783903873834,232,1000
"1014",1,"class",19,NA,"pland",0.0375492834345078,232,1000
"1015",1,"class",24,NA,"pland",98.06308279617,232,1000
"1016",1,"class",25,NA,"pland",0.0406783903873834,232,1000
"1017",1,"class",3,NA,"pland",0.869456433352099,233,1000
"1018",1,"class",6,NA,"pland",1.00394070182023,233,1000
"1019",1,"class",15,NA,"pland",0.118846562832301,233,1000
"1020",1,"class",19,NA,"pland",0.694314130230813,233,1000
"1021",1,"class",24,NA,"pland",96.9193719897417,233,1000
"1022",1,"class",25,NA,"pland",0.394070182022894,233,1000
"1023",1,"class",3,NA,"pland",1.48324310792628,234,1000
"1024",1,"class",6,NA,"pland",1.00447476296273,234,1000
"1025",1,"class",15,NA,"pland",0.118909785023625,234,1000
"1026",1,"class",19,NA,"pland",0.782301217260694,234,1000
"1027",1,"class",24,NA,"pland",96.2105329035892,234,1000
"1028",1,"class",25,NA,"pland",0.39427981349939,234,1000
"1029",1,"class",33,NA,"pland",0.00625840973808555,234,1000
"1030",1,"class",3,NA,"pland",2.09650165842669,235,1000
"1031",1,"class",6,NA,"pland",1.00444333187308,235,1000
"1032",1,"class",15,NA,"pland",0.118906064209275,235,1000
"1033",1,"class",19,NA,"pland",0.782276738218912,235,1000
"1034",1,"class",24,NA,"pland",95.597346517304,235,1000
"1035",1,"class",25,NA,"pland",0.394267476062332,235,1000
"1036",1,"class",33,NA,"pland",0.0062582139057513,235,1000
"1037",1,"class",3,NA,"pland",4.19000531964828,236,1000
"1038",1,"class",6,NA,"pland",1.05767124573646,236,1000
"1039",1,"class",15,NA,"pland",0.118909785023625,236,1000
"1040",1,"class",19,NA,"pland",0.782301217260694,236,1000
"1041",1,"class",24,NA,"pland",93.4505742090935,236,1000
"1042",1,"class",25,NA,"pland",0.39427981349939,236,1000
"1043",1,"class",33,NA,"pland",0.00625840973808555,236,1000
"1044",1,"class",3,NA,"pland",7.13101160862355,237,1000
"1045",1,"class",6,NA,"pland",1.12018523733534,237,1000
"1046",1,"class",15,NA,"pland",0.118902343627773,237,1000
"1047",1,"class",19,NA,"pland",0.782252260709033,237,1000
"1048",1,"class",24,NA,"pland",90.3876842204074,237,1000
"1049",1,"class",25,NA,"pland",0.453706311211239,237,1000
"1050",1,"class",33,NA,"pland",0.00625801808567227,237,1000
"1051",1,"class",3,NA,"pland",37.2063928940043,238,1000
"1052",1,"class",6,NA,"pland",1.6482657242048,238,1000
"1053",1,"class",11,NA,"pland",0.084446251524724,238,1000
"1054",1,"class",19,NA,"pland",0.344040283989616,238,1000
"1055",1,"class",21,NA,"pland",0.347167922934976,238,1000
"1056",1,"class",24,NA,"pland",58.5775498076502,238,1000
"1057",1,"class",25,NA,"pland",1.79213711569136,238,1000
"1058",1,"class",3,NA,"pland",41.5576694411415,239,1000
"1059",1,"class",6,NA,"pland",1.34551598973653,239,1000
"1060",1,"class",11,NA,"pland",0.0844858877276425,239,1000
"1061",1,"class",19,NA,"pland",0.344201764816321,239,1000
"1062",1,"class",21,NA,"pland",0.347330871769197,239,1000
"1063",1,"class",24,NA,"pland",54.427686338319,239,1000
"1064",1,"class",25,NA,"pland",1.89310970648977,239,1000
"1065",1,"class",3,NA,"pland",22.3925900428701,240,1000
"1066",1,"class",6,NA,"pland",2.17166817911569,240,1000
"1067",1,"class",11,NA,"pland",0.294145257690021,240,1000
"1068",1,"class",24,NA,"pland",74.1402509622305,240,1000
"1069",1,"class",25,NA,"pland",0.998216353224646,240,1000
"1070",1,"class",33,NA,"pland",0.00312920486904278,240,1000
"1071",1,"class",3,NA,"pland",1.41431208736193,241,1000
"1072",1,"class",24,NA,"pland",98.5856879126381,241,1000
"1073",1,"class",24,NA,"pland",100,242,1000
"1074",1,"class",24,NA,"pland",100,243,1000
"1075",1,"class",24,NA,"pland",100,244,1000
"1076",1,"class",24,NA,"pland",100,245,1000
"1077",1,"class",24,NA,"pland",100,246,1000
"1078",1,"class",24,NA,"pland",100,247,1000
"1079",1,"class",3,NA,"pland",6.74118604796794,248,1000
"1080",1,"class",6,NA,"pland",3.58194000876699,248,1000
"1081",1,"class",15,NA,"pland",0.297451311916839,248,1000
"1082",1,"class",21,NA,"pland",0.0156553322061494,248,1000
"1083",1,"class",24,NA,"pland",89.1164130502849,248,1000
"1084",1,"class",25,NA,"pland",0.247354248857161,248,1000
"1085",1,"class",24,NA,"pland",100,249,1000
"1086",1,"class",24,NA,"pland",100,250,1000
"1087",1,"class",24,NA,"pland",100,251,1000
"1088",1,"class",24,NA,"pland",100,252,1000
"1089",1,"class",24,NA,"pland",100,253,1000
"1090",1,"class",24,NA,"pland",100,254,1000
"1091",1,"class",3,NA,"pland",5.72983454789979,255,1000
"1092",1,"class",15,NA,"pland",0.118850279923686,255,1000
"1093",1,"class",24,NA,"pland",93.9261251681106,255,1000
"1094",1,"class",25,NA,"pland",0.225190004065931,255,1000
"1095",1,"class",3,NA,"pland",28.5665112494915,256,1000
"1096",1,"class",6,NA,"pland",2.22173545702037,256,1000
"1097",1,"class",11,NA,"pland",0.219044340832994,256,1000
"1098",1,"class",15,NA,"pland",0.306662077166192,256,1000
"1099",1,"class",19,NA,"pland",0.547610852082486,256,1000
"1100",1,"class",21,NA,"pland",0.700941890665582,256,1000
"1101",1,"class",24,NA,"pland",64.8308664768282,256,1000
"1102",1,"class",25,NA,"pland",1.81180961917577,256,1000
"1103",1,"class",33,NA,"pland",0.0500672779046844,256,1000
"1104",1,"class",36,NA,"pland",0.744750758832181,256,1000
"1105",1,"class",3,NA,"pland",1.24906085649887,257,1000
"1106",1,"class",5,NA,"pland",0.234785875281743,257,1000
"1107",1,"class",6,NA,"pland",4.39519158527423,257,1000
"1108",1,"class",11,NA,"pland",0.162784873528675,257,1000
"1109",1,"class",15,NA,"pland",0.0156523916854495,257,1000
"1110",1,"class",21,NA,"pland",0.00313047833708991,257,1000
"1111",1,"class",24,NA,"pland",93.4040821437516,257,1000
"1112",1,"class",33,NA,"pland",0.535311795642374,257,1000
"1113",1,"class",24,NA,"pland",100,258,1000
"1114",1,"class",24,NA,"pland",87.8950003128715,259,1000
"1115",1,"class",33,NA,"pland",12.1049996871285,259,1000
"1116",1,"class",3,NA,"pland",0.203360135156274,260,1000
"1117",1,"class",24,NA,"pland",99.7966398648437,260,1000
"1118",1,"class",3,NA,"pland",1.15467659667678,261,1000
"1119",1,"class",24,NA,"pland",98.8453234033232,261,1000
"1120",1,"class",3,NA,"pland",12.4604937885283,262,1000
"1121",1,"class",6,NA,"pland",1.7992927996996,262,1000
"1122",1,"class",15,NA,"pland",2.78812153831711,262,1000
"1123",1,"class",19,NA,"pland",1.12964295772444,262,1000
"1124",1,"class",21,NA,"pland",0.103263760678412,262,1000
"1125",1,"class",24,NA,"pland",81.2810964733861,262,1000
"1126",1,"class",25,NA,"pland",0.438088681665989,262,1000
"1127",1,"class",3,NA,"pland",0.200131336189374,263,1000
"1128",1,"class",24,NA,"pland",64.6799462147034,263,1000
"1129",1,"class",25,NA,"pland",1.11948466180931,263,1000
"1130",1,"class",33,NA,"pland",34.0004377872979,263,1000
"1131",1,"class",24,NA,"pland",100,264,1000
"1132",1,"class",24,NA,"pland",100,265,1000
"1133",1,"class",3,NA,"pland",3.20400500625782,266,1000
"1134",1,"class",6,NA,"pland",1.90863579474343,266,1000
"1135",1,"class",15,NA,"pland",0.732165206508135,266,1000
"1136",1,"class",19,NA,"pland",0.100125156445557,266,1000
"1137",1,"class",21,NA,"pland",0.641426783479349,266,1000
"1138",1,"class",24,NA,"pland",87.8660826032541,266,1000
"1139",1,"class",25,NA,"pland",1.46433041301627,266,1000
"1140",1,"class",33,NA,"pland",4.08322903629537,266,1000
"1141",1,"class",24,NA,"pland",100,267,1000
"1142",1,"class",3,NA,"pland",9.67328034048945,268,1000
"1143",1,"class",6,NA,"pland",52.7821243036866,268,1000
"1144",1,"class",11,NA,"pland",1.85266320335482,268,1000
"1145",1,"class",15,NA,"pland",7.21975339550604,268,1000
"1146",1,"class",19,NA,"pland",0.447518307567128,268,1000
"1147",1,"class",21,NA,"pland",8.63115728860237,268,1000
"1148",1,"class",24,NA,"pland",7.8957251048382,268,1000
"1149",1,"class",25,NA,"pland",0.557050760468173,268,1000
"1150",1,"class",33,NA,"pland",10.9407272954873,268,1000
"1151",1,"class",24,NA,"pland",100,269,1000
"1152",1,"class",3,NA,"pland",11.634383703101,270,1000
"1153",1,"class",6,NA,"pland",0.707200300403667,270,1000
"1154",1,"class",11,NA,"pland",0.732233939356009,270,1000
"1155",1,"class",15,NA,"pland",0.100134555809369,270,1000
"1156",1,"class",21,NA,"pland",0.65400381762994,270,1000
"1157",1,"class",24,NA,"pland",85.439809744344,270,1000
"1158",1,"class",25,NA,"pland",0.234690365178208,270,1000
"1159",1,"class",33,NA,"pland",0.497543574177801,270,1000
"1160",1,"class",24,NA,"pland",100,271,1000
"1161",1,"class",3,NA,"pland",3.03485388899318,272,1000
"1162",1,"class",6,NA,"pland",9.01695763719417,272,1000
"1163",1,"class",15,NA,"pland",0.306614104248795,272,1000
"1164",1,"class",21,NA,"pland",0.22526750516238,272,1000
"1165",1,"class",24,NA,"pland",87.4163068644015,272,1000
"1166",1,"class",3,NA,"pland",2.45314308958353,273,1000
"1167",1,"class",6,NA,"pland",6.3299852936575,273,1000
"1168",1,"class",15,NA,"pland",0.212772614912857,273,1000
"1169",1,"class",21,NA,"pland",0.206514596827185,273,1000
"1170",1,"class",24,NA,"pland",90.7975844050189,273,1000
"1171",1,"class",3,NA,"pland",2.80549213398805,274,1000
"1172",1,"class",6,NA,"pland",8.25071153786007,274,1000
"1173",1,"class",15,NA,"pland",0.359678478716417,274,1000
"1174",1,"class",21,NA,"pland",0.293998060863854,274,1000
"1175",1,"class",24,NA,"pland",88.2901197885716,274,1000
"1176",1,"class",24,NA,"pland",100,275,1000
"1177",1,"class",24,NA,"pland",85.3991300810464,276,1000
"1178",1,"class",33,NA,"pland",14.6008699189536,276,1000
"1179",1,"class",3,NA,"pland",7.69784397784523,277,1000
"1180",1,"class",6,NA,"pland",1.03576681165316,277,1000
"1181",1,"class",15,NA,"pland",0.118909785023625,277,1000
"1182",1,"class",19,NA,"pland",0.782301217260694,277,1000
"1183",1,"class",24,NA,"pland",89.7393372344087,277,1000
"1184",1,"class",25,NA,"pland",0.61958256407047,277,1000
"1185",1,"class",33,NA,"pland",0.00625840973808555,277,1000
"1186",1,"class",3,NA,"pland",7.31005132056578,278,1000
"1187",1,"class",6,NA,"pland",1.02015270997622,278,1000
"1188",1,"class",15,NA,"pland",0.118913506070847,278,1000
"1189",1,"class",19,NA,"pland",0.782325697834523,278,1000
"1190",1,"class",24,NA,"pland",90.142696207285,278,1000
"1191",1,"class",25,NA,"pland",0.619601952684942,278,1000
"1192",1,"class",33,NA,"pland",0.00625860558267618,278,1000
"1193",1,"class",24,NA,"pland",100,279,1000
"1194",1,"class",24,NA,"pland",100,280,1000
"1195",1,"class",24,NA,"pland",100,281,1000
"1196",1,"class",24,NA,"pland",60.4647521217625,282,1000
"1197",1,"class",25,NA,"pland",0.216090946102534,282,1000
"1198",1,"class",33,NA,"pland",39.3191569321349,282,1000
"1199",1,"class",3,NA,"pland",1.66979362101313,283,1000
"1200",1,"class",6,NA,"pland",0.49718574108818,283,1000
"1201",1,"class",24,NA,"pland",97.7642276422764,283,1000
"1202",1,"class",33,NA,"pland",0.0687929956222639,283,1000
"1203",1,"class",3,NA,"pland",20.2002816460648,284,1000
"1204",1,"class",5,NA,"pland",0.0125176028790487,284,1000
"1205",1,"class",6,NA,"pland",4.34047879831012,284,1000
"1206",1,"class",11,NA,"pland",1.60538256923799,284,1000
"1207",1,"class",15,NA,"pland",6.96917540291034,284,1000
"1208",1,"class",19,NA,"pland",1.88389923329682,284,1000
"1209",1,"class",21,NA,"pland",3.04177749960883,284,1000
"1210",1,"class",24,NA,"pland",60.2534814583007,284,1000
"1211",1,"class",25,NA,"pland",1.65858238147395,284,1000
"1212",1,"class",33,NA,"pland",0.0344234079173838,284,1000
"1213",1,"class",3,NA,"pland",19.8992522136354,285,1000
"1214",1,"class",6,NA,"pland",2.10569131128563,285,1000
"1215",1,"class",11,NA,"pland",0.963674478270392,285,1000
"1216",1,"class",15,NA,"pland",6.60179593880041,285,1000
"1217",1,"class",19,NA,"pland",1.88354557116486,285,1000
"1218",1,"class",21,NA,"pland",3.13819968086105,285,1000
"1219",1,"class",24,NA,"pland",63.333437627108,285,1000
"1220",1,"class",25,NA,"pland",2.07440317887425,285,1000
"1221",1,"class",3,NA,"pland",8.59340796797798,286,1000
"1222",1,"class",6,NA,"pland",0.503471136406279,286,1000
"1223",1,"class",11,NA,"pland",0.181374695102883,286,1000
"1224",1,"class",15,NA,"pland",2.01701169554068,286,1000
"1225",1,"class",19,NA,"pland",1.04446807179936,286,1000
"1226",1,"class",21,NA,"pland",0.0906873475514416,286,1000
"1227",1,"class",24,NA,"pland",86.9285133529301,286,1000
"1228",1,"class",25,NA,"pland",0.641065732691225,286,1000
"1229",1,"class",3,NA,"pland",11.6629115033171,287,1000
"1230",1,"class",6,NA,"pland",1.30804856677932,287,1000
"1231",1,"class",11,NA,"pland",0.353611215421204,287,1000
"1232",1,"class",15,NA,"pland",3.22005257228689,287,1000
"1233",1,"class",19,NA,"pland",1.25485041932657,287,1000
"1234",1,"class",21,NA,"pland",1.25797972211791,287,1000
"1235",1,"class",24,NA,"pland",78.9773438477907,287,1000
"1236",1,"class",25,NA,"pland",1.96520215296032,287,1000
"1237",1,"class",3,NA,"pland",12.6979160147694,288,1000
"1238",1,"class",6,NA,"pland",2.51267288315915,288,1000
"1239",1,"class",11,NA,"pland",0.510044433318731,288,1000
"1240",1,"class",15,NA,"pland",3.59534388885412,288,1000
"1241",1,"class",19,NA,"pland",1.3236122410664,288,1000
"1242",1,"class",21,NA,"pland",2.76613054634207,288,1000
"1243",1,"class",24,NA,"pland",72.7517366543589,288,1000
"1244",1,"class",25,NA,"pland",3.8425433381313,288,1000
"1245",1,"class",3,NA,"pland",13.9904312204884,289,1000
"1246",1,"class",6,NA,"pland",4.31220488445542,289,1000
"1247",1,"class",11,NA,"pland",1.01003783733075,289,1000
"1248",1,"class",15,NA,"pland",3.99949967165953,289,1000
"1249",1,"class",19,NA,"pland",1.24456674692767,289,1000
"1250",1,"class",21,NA,"pland",3.49291722693017,289,1000
"1251",1,"class",24,NA,"pland",67.2722724287814,289,1000
"1252",1,"class",25,NA,"pland",4.67806998342662,289,1000
"1253",1,"class",3,NA,"pland",20.304727340988,290,1000
"1254",1,"class",6,NA,"pland",2.90335700653881,290,1000
"1255",1,"class",11,NA,"pland",1.8396270687983,290,1000
"1256",1,"class",15,NA,"pland",7.31470763069799,290,1000
"1257",1,"class",19,NA,"pland",1.5611801145074,290,1000
"1258",1,"class",21,NA,"pland",4.51459500046929,290,1000
"1259",1,"class",24,NA,"pland",58.0076963989613,290,1000
"1260",1,"class",25,NA,"pland",3.53533773425523,290,1000
"1261",1,"class",33,NA,"pland",0.0187717047836561,290,1000
"1262",1,"class",3,NA,"pland",20.8302028549962,291,1000
"1263",1,"class",5,NA,"pland",0.118958176809416,291,1000
"1264",1,"class",6,NA,"pland",6.37052341597796,291,1000
"1265",1,"class",11,NA,"pland",2.27898822940145,291,1000
"1266",1,"class",15,NA,"pland",7.18131730528425,291,1000
"1267",1,"class",19,NA,"pland",1.67167543200601,291,1000
"1268",1,"class",21,NA,"pland",4.32632106185825,291,1000
"1269",1,"class",24,NA,"pland",54.4765840220386,291,1000
"1270",1,"class",25,NA,"pland",2.70473328324568,291,1000
"1271",1,"class",33,NA,"pland",0.0406962183821688,291,1000
"1272",1,"class",3,NA,"pland",20.5470021279259,292,1000
"1273",1,"class",5,NA,"pland",0.0219051195393666,292,1000
"1274",1,"class",6,NA,"pland",4.04305920640881,292,1000
"1275",1,"class",11,NA,"pland",1.7743146826887,292,1000
"1276",1,"class",15,NA,"pland",7.07222430842408,292,1000
"1277",1,"class",19,NA,"pland",1.88384028038553,292,1000
"1278",1,"class",21,NA,"pland",4.03054199524346,292,1000
"1279",1,"class",24,NA,"pland",58.367755664038,292,1000
"1280",1,"class",25,NA,"pland",2.21867567905871,292,1000
"1281",1,"class",33,NA,"pland",0.0406809362873952,292,1000
"1282",1,"class",3,NA,"pland",18.3897615620502,293,1000
"1283",1,"class",6,NA,"pland",1.09831654045935,293,1000
"1284",1,"class",11,NA,"pland",0.566368358470492,293,1000
"1285",1,"class",15,NA,"pland",6.13930784154202,293,1000
"1286",1,"class",19,NA,"pland",2.08085612366231,293,1000
"1287",1,"class",21,NA,"pland",2.73483947681332,293,1000
"1288",1,"class",24,NA,"pland",66.1524500907441,293,1000
"1289",1,"class",25,NA,"pland",2.83810000625821,293,1000
"1290",1,"class",3,NA,"pland",8.45814702479597,294,1000
"1291",1,"class",6,NA,"pland",6.60079422156906,294,1000
"1292",1,"class",11,NA,"pland",0.459647915950095,294,1000
"1293",1,"class",21,NA,"pland",0.075044557706138,294,1000
"1294",1,"class",24,NA,"pland",56.1427097339045,294,1000
"1295",1,"class",25,NA,"pland",0.756699290203558,294,1000
"1296",1,"class",33,NA,"pland",27.5069572558707,294,1000
"1297",1,"class",3,NA,"pland",7.6588827409422,295,1000
"1298",1,"class",6,NA,"pland",8.67173090749945,295,1000
"1299",1,"class",15,NA,"pland",0.112538685173028,295,1000
"1300",1,"class",24,NA,"pland",83.459939354153,295,1000
"1301",1,"class",25,NA,"pland",0.0969083122323299,295,1000
"1302",1,"class",3,NA,"pland",4.09561653264917,296,1000
"1303",1,"class",6,NA,"pland",4.66818935577735,296,1000
"1304",1,"class",24,NA,"pland",91.1485873408216,296,1000
"1305",1,"class",25,NA,"pland",0.0876067707518538,296,1000
"1306",1,"class",3,NA,"pland",7.4032389170262,297,1000
"1307",1,"class",6,NA,"pland",13.2214093665979,297,1000
"1308",1,"class",15,NA,"pland",0.184455699368474,297,1000
"1309",1,"class",21,NA,"pland",0.559619833677234,297,1000
"1310",1,"class",24,NA,"pland",78.2123429000188,297,1000
"1311",1,"class",25,NA,"pland",0.418933283311449,297,1000
